"store_type","total_sales","percentage_of_total_sales","order_count"
"Local",503123930305.37463,65.10146402934133,"78409"
"Mall Kiosk",84523301169.44188,10.936849390931908,"13142"
"Outlet",60761224073.12024,7.862167559738372,"9207"
"Super Store",124220699211.20163,16.073473938099585,"19276"
"Web Portal",201284320.71999997,0.026045081888810127,"43"
